<?xml version="1.0" encoding="utf-8" standalone="no"?>
<dublin_core schema="dc">
  <dcvalue element="contributor" qualifier="author">Test&#x20;Author</dcvalue>
  <dcvalue element="date" qualifier="accessioned">2024-10-21T16:09:13Z</dcvalue>
  <dcvalue element="date" qualifier="available">2024-10-21T16:09:13Z</dcvalue>
  <dcvalue element="date" qualifier="issued">2024</dcvalue>
  <dcvalue element="description" qualifier="provenance" language="en">Submitted&#x20;by&#x20;David&#x20;Steelman&#x20;(dsteelma@umd.edu)&#x20;on&#x20;2024-10-21T16:09:13Z&#x20;workflow&#x20;start=Step:&#x20;umdcollectionmapping&#x20;-&#x20;action:noUserSelectionAction&#x0A;No.&#x20;of&#x20;bitstreams:&#x20;1&#x0A;meno.pdf:&#x20;420631&#x20;bytes,&#x20;checksum:&#x20;4dcbf8e7f52e2665a311061c9162ba59&#x20;(MD5)</dcvalue>
  <dcvalue element="description" qualifier="provenance" language="en">Made&#x20;available&#x20;in&#x20;DSpace&#x20;on&#x20;2024-10-21T16:09:13Z&#x20;(GMT).&#x20;No.&#x20;of&#x20;bitstreams:&#x20;1&#x0A;meno.pdf:&#x20;420631&#x20;bytes,&#x20;checksum:&#x20;4dcbf8e7f52e2665a311061c9162ba59&#x20;(MD5)&#x0A;&#x20;&#x20;Previous&#x20;issue&#x20;date:&#x20;2024</dcvalue>
  <dcvalue element="title" qualifier="none">SSDR&#x20;Test&#x20;Item&#x20;-&#x20;Meno</dcvalue>
  <dcvalue element="type" qualifier="none">Text</dcvalue>
</dublin_core>
